{"cameraMode":{"drawMode":0,"name":"Shaded","section":"Shading Mode"},"sceneLighting":false,"audioPlay":false,"sceneViewState":{"m_AlwaysRefresh":false,"showFog":true,"showSkybox":false,"showFlares":true,"showImageEffects":true,"showParticleSystems":true,"showVisualEffectGraphs":true,"m_FxEnabled":true},"in2DMode":false,"pivot":{"x":-0.007732689380645752,"y":0.8895550966262817,"z":-17.99768829345703},"rotation":{"x":0.301292359828949,"y":-0.5470500588417053,"z":0.22102276980876923,"w":0.7495818138122559},"size":1.0247557163238526,"orthographic":false}