{"cameraMode":{"drawMode":0,"name":"Shaded","section":"Shading Mode"},"sceneLighting":false,"audioPlay":false,"sceneViewState":{"m_AlwaysRefresh":false,"showFog":true,"showSkybox":false,"showFlares":true,"showImageEffects":true,"showParticleSystems":true,"showVisualEffectGraphs":true,"m_FxEnabled":true},"in2DMode":false,"pivot":{"x":-0.6345565319061279,"y":1.1815311908721924,"z":0.9565775394439697},"rotation":{"x":0.23688927292823792,"y":-0.7216717600822449,"z":0.29488104581832888,"w":0.5797786712646484},"size":1.6641018390655518,"orthographic":false}