{"cameraMode":{"drawMode":0,"name":"Shaded","section":"Shading Mode"},"sceneLighting":true,"audioPlay":false,"sceneViewState":{"m_AlwaysRefresh":false,"showFog":true,"showSkybox":true,"showFlares":true,"showImageEffects":true,"showParticleSystems":true,"showVisualEffectGraphs":true,"m_FxEnabled":true},"in2DMode":false,"pivot":{"x":0.6222245097160339,"y":1.126945972442627,"z":-16.663673400878908},"rotation":{"x":0.05759098008275032,"y":0.8314676880836487,"z":-0.5457566976547241,"w":0.08829689770936966},"size":1.2635002136230469,"orthographic":false}