{"cameraMode":{"drawMode":0,"name":"Shaded","section":"Shading Mode"},"sceneLighting":true,"audioPlay":false,"sceneViewState":{"m_AlwaysRefresh":false,"showFog":true,"showSkybox":true,"showFlares":true,"showImageEffects":true,"showParticleSystems":true,"showVisualEffectGraphs":true,"m_FxEnabled":true},"in2DMode":false,"pivot":{"x":8.673748970031739,"y":1.6497244834899903,"z":-7.192791938781738},"rotation":{"x":-0.42004960775375368,"y":-0.007323965430259705,"z":0.0034040999598801138,"w":-0.9075028300285339},"size":1.811173677444458,"orthographic":false}