{"cameraMode":{"drawMode":0,"name":"Shaded","section":"Shading Mode"},"sceneLighting":true,"audioPlay":false,"sceneViewState":{"m_AlwaysRefresh":false,"showFog":true,"showSkybox":true,"showFlares":true,"showImageEffects":true,"showParticleSystems":true,"showVisualEffectGraphs":true,"m_FxEnabled":true},"in2DMode":false,"pivot":{"x":-0.6347160339355469,"y":3.3691864013671877,"z":6.061981678009033},"rotation":{"x":0.46092700958251955,"y":-0.43738749623298647,"z":0.2815151810646057,"w":0.7195508480072022},"size":11.383749008178711,"orthographic":false}