{"cameraMode":{"drawMode":0,"name":"Shaded","section":"Shading Mode"},"sceneLighting":true,"audioPlay":false,"sceneViewState":{"m_AlwaysRefresh":false,"showFog":true,"showSkybox":true,"showFlares":true,"showImageEffects":true,"showParticleSystems":true,"showVisualEffectGraphs":true,"m_FxEnabled":true},"in2DMode":false,"pivot":{"x":266.25311279296877,"y":239.19259643554688,"z":33.72686767578125},"rotation":{"x":0.0038958906661719085,"y":-0.00331760011613369,"z":0.00005569329368881881,"w":1.0000183582305909},"size":249.33851623535157,"orthographic":false}