{"cameraMode":{"drawMode":0,"name":"Shaded","section":"Shading Mode"},"sceneLighting":true,"audioPlay":false,"sceneViewState":{"m_AlwaysRefresh":false,"showFog":true,"showSkybox":true,"showFlares":true,"showImageEffects":true,"showParticleSystems":true,"showVisualEffectGraphs":true,"m_FxEnabled":true},"in2DMode":false,"pivot":{"x":-9.492015838623047,"y":-4.2785210609436039,"z":-49.456138610839847},"rotation":{"x":0.011348685249686242,"y":-0.9853706955909729,"z":0.07952534407377243,"w":0.1515050232410431},"size":18.88192367553711,"orthographic":false}