{"cameraMode":{"drawMode":0,"name":"Shaded","section":"Shading Mode"},"sceneLighting":true,"audioPlay":false,"sceneViewState":{"m_AlwaysRefresh":false,"showFog":true,"showSkybox":true,"showFlares":true,"showImageEffects":true,"showParticleSystems":true,"showVisualEffectGraphs":true,"m_FxEnabled":true},"in2DMode":false,"pivot":{"x":-5.6711883544921879,"y":0.26639795303344729,"z":-3.8493168354034426},"rotation":{"x":0.2922575771808624,"y":-0.5757611393928528,"z":0.23127038776874543,"w":0.7277839183807373},"size":13.536698341369629,"orthographic":false}