{"cameraMode":{"drawMode":0,"name":"Shaded","section":"Shading Mode"},"sceneLighting":true,"audioPlay":false,"sceneViewState":{"m_AlwaysRefresh":false,"showFog":true,"showSkybox":true,"showFlares":true,"showImageEffects":true,"showParticleSystems":true,"showVisualEffectGraphs":true,"m_FxEnabled":true},"in2DMode":false,"pivot":{"x":11.174076080322266,"y":-0.15083491802215577,"z":6.627054691314697},"rotation":{"x":-0.12539151310920716,"y":-0.8337736129760742,"z":0.21147289872169496,"w":-0.4943675398826599},"size":1.5339746475219727,"orthographic":false}