{"cameraMode":{"drawMode":0,"name":"Shaded","section":"Shading Mode"},"sceneLighting":true,"audioPlay":false,"sceneViewState":{"m_AlwaysRefresh":false,"showFog":true,"showSkybox":true,"showFlares":true,"showImageEffects":true,"showParticleSystems":true,"showVisualEffectGraphs":true,"m_FxEnabled":true},"in2DMode":false,"pivot":{"x":2.6554455757141115,"y":0.8950345516204834,"z":-19.187213897705079},"rotation":{"x":-0.0024105284828692676,"y":-0.9968168139457703,"z":0.032302018254995349,"w":-0.07341903448104859},"size":2.849219560623169,"orthographic":false}