{"cameraMode":{"drawMode":0,"name":"Shaded","section":"Shading Mode"},"sceneLighting":false,"audioPlay":false,"sceneViewState":{"m_AlwaysRefresh":false,"showFog":true,"showSkybox":false,"showFlares":true,"showImageEffects":true,"showParticleSystems":true,"showVisualEffectGraphs":true,"m_FxEnabled":true},"in2DMode":false,"pivot":{"x":-0.04868052899837494,"y":0.06721514463424683,"z":1.036409854888916},"rotation":{"x":0.5353546142578125,"y":0.3977714478969574,"z":-0.31546834111213686,"w":0.6750496029853821},"size":0.5723394751548767,"orthographic":false}