{"cameraMode":{"drawMode":0,"name":"Shaded","section":"Shading Mode"},"sceneLighting":false,"audioPlay":false,"sceneViewState":{"m_AlwaysRefresh":false,"showFog":true,"showSkybox":false,"showFlares":true,"showImageEffects":true,"showParticleSystems":true,"showVisualEffectGraphs":true,"m_FxEnabled":true},"in2DMode":false,"pivot":{"x":0.4099085330963135,"y":-0.33996355533599856,"z":0.9550420641899109},"rotation":{"x":0.13642145693302155,"y":0.6363644003868103,"z":-0.11422307789325714,"w":0.7510966658592224},"size":0.5926049947738648,"orthographic":false}