{"cameraMode":{"drawMode":0,"name":"Shaded","section":"Shading Mode"},"sceneLighting":false,"audioPlay":false,"sceneViewState":{"m_AlwaysRefresh":false,"showFog":true,"showSkybox":false,"showFlares":true,"showImageEffects":true,"showParticleSystems":true,"showVisualEffectGraphs":true,"m_FxEnabled":true},"in2DMode":false,"pivot":{"x":2.9802322387695315e-8,"y":0.07999999076128006,"z":-5.960464477539063e-8},"rotation":{"x":0.2158147543668747,"y":-0.7805635333061218,"z":0.4571625888347626,"w":0.36857858300209048},"size":0.43301570415496828,"orthographic":false}