{"cameraMode":{"drawMode":0,"name":"Shaded","section":"Shading Mode"},"sceneLighting":false,"audioPlay":false,"sceneViewState":{"m_AlwaysRefresh":false,"showFog":true,"showSkybox":false,"showFlares":true,"showImageEffects":true,"showParticleSystems":true,"showVisualEffectGraphs":true,"m_FxEnabled":true},"in2DMode":false,"pivot":{"x":-0.39170408248901369,"y":1.40081787109375,"z":0.9399363994598389},"rotation":{"x":0.009658283554017544,"y":-0.9214544892311096,"z":0.022311581298708917,"w":0.3886350393295288},"size":1.9330155849456788,"orthographic":false}