{"cameraMode":{"drawMode":0,"name":"Shaded","section":"Shading Mode"},"sceneLighting":false,"audioPlay":false,"sceneViewState":{"m_AlwaysRefresh":false,"showFog":true,"showSkybox":false,"showFlares":true,"showImageEffects":true,"showParticleSystems":true,"showVisualEffectGraphs":true,"m_FxEnabled":true},"in2DMode":false,"pivot":{"x":0.9413771629333496,"y":0.6851043701171875,"z":-0.6246480941772461},"rotation":{"x":0.05500070005655289,"y":0.9282947182655335,"z":-0.15200939774513246,"w":0.3359939455986023},"size":3.7980759143829347,"orthographic":false}