{"cameraMode":{"drawMode":0,"name":"Shaded","section":"Shading Mode"},"sceneLighting":false,"audioPlay":false,"sceneViewState":{"m_AlwaysRefresh":false,"showFog":true,"showSkybox":false,"showFlares":true,"showImageEffects":true,"showParticleSystems":true,"showVisualEffectGraphs":true,"m_FxEnabled":true},"in2DMode":false,"pivot":{"x":0.9076964855194092,"y":-0.04524803161621094,"z":-0.021082282066345216},"rotation":{"x":0.17137303948402406,"y":0.8145130276679993,"z":-0.2985651195049286,"w":0.4677724540233612},"size":1.098076343536377,"orthographic":false}